-- phpMyAdmin SQL Dump
-- version 4.8.0
-- https://www.phpmyadmin.net/
--
-- Host: 127.0.0.1
-- Generation Time: Mar 24, 2023 at 01:02 PM
-- Server version: 10.1.31-MariaDB
-- PHP Version: 7.2.4

SET SQL_MODE = "NO_AUTO_VALUE_ON_ZERO";
SET AUTOCOMMIT = 0;
START TRANSACTION;
SET time_zone = "+00:00";


/*!40101 SET @OLD_CHARACTER_SET_CLIENT=@@CHARACTER_SET_CLIENT */;
/*!40101 SET @OLD_CHARACTER_SET_RESULTS=@@CHARACTER_SET_RESULTS */;
/*!40101 SET @OLD_COLLATION_CONNECTION=@@COLLATION_CONNECTION */;
/*!40101 SET NAMES utf8mb4 */;

--
-- Database: `airline_reservation`
--

DELIMITER $$
--
-- Procedures
--
CREATE DEFINER=`Harry`@`localhost` PROCEDURE `GetFlightStatistics` (IN `j_date` DATE)  BEGIN
 select flight_no,departure_date,IFNULL(no_of_passengers, 0) as no_of_passengers,total_capacity from (
select f.flight_no,f.departure_date,sum(t.no_of_passengers) as no_of_passengers,j.total_capacity 
from flight_details f left join ticket_details t 
on t.booking_status='CONFIRMED' 
and t.flight_no=f.flight_no 
and f.departure_date=t.journey_date 
inner join jet_details j on j.jet_id=f.jet_id
group by flight_no,journey_date) k where departure_date=j_date;
 END$$

DELIMITER ;

-- --------------------------------------------------------

--
-- Table structure for table `admin`
--

CREATE TABLE `admin` (
  `admin_id` varchar(20) NOT NULL,
  `pwd` varchar(30) DEFAULT NULL,
  `staff_id` varchar(20) DEFAULT NULL,
  `name` varchar(20) DEFAULT NULL,
  `email` varchar(35) DEFAULT NULL
) ENGINE=InnoDB DEFAULT CHARSET=latin1;

--
-- Dumping data for table `admin`
--

INSERT INTO `admin` (`admin_id`, `pwd`, `staff_id`, `name`, `email`) VALUES
('admin', 'passpass', 'admin', 'Harry Roshan', 'harryroshan1997@gmail.com');

-- --------------------------------------------------------

--
-- Table structure for table `customer`
--

CREATE TABLE `customer` (
  `customer_id` varchar(20) NOT NULL,
  `pwd` varchar(20) DEFAULT NULL,
  `name` varchar(20) DEFAULT NULL,
  `email` varchar(35) DEFAULT NULL,
  `phone_no` varchar(15) DEFAULT NULL,
  `address` varchar(35) DEFAULT NULL
) ENGINE=InnoDB DEFAULT CHARSET=latin1;

--
-- Dumping data for table `customer`
--

INSERT INTO `customer` (`customer_id`, `pwd`, `name`, `email`, `phone_no`, `address`) VALUES
('absalom', '12345678', 'absalom lihasi', 'absalomlihasi@gmail.com', '0714022687', '14030'),
('fortune', '12345678', 'fortune', 'fortune@gmail.com', '1234567890', '12345'),
('morrel', '12345678', 'morrel', 'morrel@gmail.com', '0712345678', '12039'),
('suzette', '12345678', 'suzette ', 'suzette@gmail.com', '0714022687', '14030');

-- --------------------------------------------------------

--
-- Table structure for table `flight_details`
--

CREATE TABLE `flight_details` (
  `flight_no` varchar(10) NOT NULL,
  `from_city` varchar(20) DEFAULT NULL,
  `to_city` varchar(20) DEFAULT NULL,
  `departure_date` date NOT NULL,
  `arrival_date` date DEFAULT NULL,
  `departure_time` time DEFAULT NULL,
  `arrival_time` time DEFAULT NULL,
  `seats_economy` int(5) DEFAULT NULL,
  `seats_business` int(5) DEFAULT NULL,
  `price_economy` int(10) DEFAULT NULL,
  `price_business` int(10) DEFAULT NULL,
  `jet_id` varchar(10) DEFAULT NULL
) ENGINE=InnoDB DEFAULT CHARSET=latin1;

--
-- Dumping data for table `flight_details`
--

INSERT INTO `flight_details` (`flight_no`, `from_city`, `to_city`, `departure_date`, `arrival_date`, `departure_time`, `arrival_time`, `seats_economy`, `seats_business`, `price_economy`, `price_business`, `jet_id`) VALUES
('a123', 'Nairobi', 'Mombasa', '2023-03-25', '2023-03-25', '18:00:00', '23:00:00', 300, 287, 6000, 7000, '123'),
('a456', 'Eldoret', 'Nairobi', '2023-03-25', '2023-03-25', '18:00:00', '23:00:00', 233, 245, 6000, 7000, '456');

-- --------------------------------------------------------

--
-- Table structure for table `frequent_flier_details`
--

CREATE TABLE `frequent_flier_details` (
  `frequent_flier_no` varchar(20) NOT NULL,
  `customer_id` varchar(20) DEFAULT NULL,
  `mileage` int(10) DEFAULT NULL
) ENGINE=InnoDB DEFAULT CHARSET=latin1;

-- --------------------------------------------------------

--
-- Table structure for table `jet_details`
--

CREATE TABLE `jet_details` (
  `jet_id` varchar(10) NOT NULL,
  `jet_type` varchar(20) DEFAULT NULL,
  `total_capacity` int(5) DEFAULT NULL,
  `active` varchar(5) DEFAULT NULL
) ENGINE=InnoDB DEFAULT CHARSET=latin1;

--
-- Dumping data for table `jet_details`
--

INSERT INTO `jet_details` (`jet_id`, `jet_type`, `total_capacity`, `active`) VALUES
('123', 'Dreamliner', 600, 'Yes'),
('456', 'Dreamliner', 600, 'Yes'),
('789', 'Dreamliner', 700, 'Yes');

-- --------------------------------------------------------

--
-- Table structure for table `passengers`
--

CREATE TABLE `passengers` (
  `passenger_id` int(10) NOT NULL,
  `pnr` varchar(15) NOT NULL,
  `name` varchar(20) DEFAULT NULL,
  `age` int(3) DEFAULT NULL,
  `gender` varchar(8) DEFAULT NULL,
  `meal_choice` varchar(5) DEFAULT NULL,
  `frequent_flier_no` varchar(20) DEFAULT NULL
) ENGINE=InnoDB DEFAULT CHARSET=latin1;

--
-- Dumping data for table `passengers`
--

INSERT INTO `passengers` (`passenger_id`, `pnr`, `name`, `age`, `gender`, `meal_choice`, `frequent_flier_no`) VALUES
(1, '1308443', 'morell', 12, 'male', 'yes', NULL),
(1, '1703140', 'morell', 12, 'male', 'yes', NULL),
(1, '4032716', 'morrel', 12, 'male', 'yes', NULL);

-- --------------------------------------------------------

--
-- Table structure for table `payment_details`
--

CREATE TABLE `payment_details` (
  `payment_id` varchar(20) NOT NULL,
  `pnr` varchar(15) DEFAULT NULL,
  `payment_date` date DEFAULT NULL,
  `payment_amount` int(6) DEFAULT NULL,
  `payment_mode` varchar(15) DEFAULT NULL
) ENGINE=InnoDB DEFAULT CHARSET=latin1;

--
-- Dumping data for table `payment_details`
--

INSERT INTO `payment_details` (`payment_id`, `pnr`, `payment_date`, `payment_amount`, `payment_mode`) VALUES
('105642970', '4032716', '2023-03-24', 6850, 'credit card'),
('817957165', '1703140', '2023-03-24', 6550, 'debit card'),
('895884584', '1308443', '2023-03-24', 7550, 'net banking');

--
-- Triggers `payment_details`
--
DELIMITER $$
CREATE TRIGGER `update_ticket_after_payment` AFTER INSERT ON `payment_details` FOR EACH ROW UPDATE ticket_details
     SET booking_status='CONFIRMED', payment_id= NEW.payment_id
   WHERE pnr = NEW.pnr
$$
DELIMITER ;

-- --------------------------------------------------------

--
-- Table structure for table `ticket_details`
--

CREATE TABLE `ticket_details` (
  `pnr` varchar(15) NOT NULL,
  `date_of_reservation` date DEFAULT NULL,
  `flight_no` varchar(10) DEFAULT NULL,
  `journey_date` date DEFAULT NULL,
  `class` varchar(10) DEFAULT NULL,
  `booking_status` varchar(20) DEFAULT NULL,
  `no_of_passengers` int(5) DEFAULT NULL,
  `lounge_access` varchar(5) DEFAULT NULL,
  `priority_checkin` varchar(5) DEFAULT NULL,
  `insurance` varchar(5) DEFAULT NULL,
  `payment_id` varchar(20) DEFAULT NULL,
  `customer_id` varchar(20) DEFAULT NULL
) ENGINE=InnoDB DEFAULT CHARSET=latin1;

--
-- Dumping data for table `ticket_details`
--

INSERT INTO `ticket_details` (`pnr`, `date_of_reservation`, `flight_no`, `journey_date`, `class`, `booking_status`, `no_of_passengers`, `lounge_access`, `priority_checkin`, `insurance`, `payment_id`, `customer_id`) VALUES
('1308443', '2023-03-24', NULL, NULL, 'business', 'CONFIRMED', 1, 'no', 'yes', 'yes', '895884584', 'morrel'),
('1703140', '2023-03-24', 'a456', '2023-03-25', 'economy', 'CONFIRMED', 1, 'yes', 'no', 'no', '817957165', 'morrel'),
('4032716', '2023-03-24', 'a123', '2023-03-25', 'economy', 'CANCELED', 1, 'yes', 'yes', 'yes', '105642970', 'morrel');

--
-- Indexes for dumped tables
--

--
-- Indexes for table `admin`
--
ALTER TABLE `admin`
  ADD PRIMARY KEY (`admin_id`);

--
-- Indexes for table `customer`
--
ALTER TABLE `customer`
  ADD PRIMARY KEY (`customer_id`);

--
-- Indexes for table `flight_details`
--
ALTER TABLE `flight_details`
  ADD PRIMARY KEY (`flight_no`,`departure_date`),
  ADD KEY `jet_id` (`jet_id`);

--
-- Indexes for table `frequent_flier_details`
--
ALTER TABLE `frequent_flier_details`
  ADD PRIMARY KEY (`frequent_flier_no`),
  ADD KEY `customer_id` (`customer_id`);

--
-- Indexes for table `jet_details`
--
ALTER TABLE `jet_details`
  ADD PRIMARY KEY (`jet_id`);

--
-- Indexes for table `passengers`
--
ALTER TABLE `passengers`
  ADD PRIMARY KEY (`passenger_id`,`pnr`),
  ADD KEY `pnr` (`pnr`),
  ADD KEY `frequent_flier_no` (`frequent_flier_no`);

--
-- Indexes for table `payment_details`
--
ALTER TABLE `payment_details`
  ADD PRIMARY KEY (`payment_id`),
  ADD KEY `pnr` (`pnr`);

--
-- Indexes for table `ticket_details`
--
ALTER TABLE `ticket_details`
  ADD PRIMARY KEY (`pnr`),
  ADD KEY `customer_id` (`customer_id`),
  ADD KEY `journey_date` (`journey_date`),
  ADD KEY `flight_no` (`flight_no`),
  ADD KEY `flight_no_2` (`flight_no`,`journey_date`);

--
-- Constraints for dumped tables
--

--
-- Constraints for table `flight_details`
--
ALTER TABLE `flight_details`
  ADD CONSTRAINT `flight_details_ibfk_1` FOREIGN KEY (`jet_id`) REFERENCES `jet_details` (`jet_id`) ON DELETE CASCADE ON UPDATE CASCADE;

--
-- Constraints for table `frequent_flier_details`
--
ALTER TABLE `frequent_flier_details`
  ADD CONSTRAINT `frequent_flier_details_ibfk_1` FOREIGN KEY (`customer_id`) REFERENCES `customer` (`customer_id`) ON DELETE CASCADE ON UPDATE CASCADE;

--
-- Constraints for table `passengers`
--
ALTER TABLE `passengers`
  ADD CONSTRAINT `passengers_ibfk_1` FOREIGN KEY (`pnr`) REFERENCES `ticket_details` (`pnr`) ON DELETE CASCADE ON UPDATE CASCADE,
  ADD CONSTRAINT `passengers_ibfk_2` FOREIGN KEY (`frequent_flier_no`) REFERENCES `frequent_flier_details` (`frequent_flier_no`) ON UPDATE CASCADE;

--
-- Constraints for table `payment_details`
--
ALTER TABLE `payment_details`
  ADD CONSTRAINT `payment_details_ibfk_1` FOREIGN KEY (`pnr`) REFERENCES `ticket_details` (`pnr`) ON UPDATE CASCADE;

--
-- Constraints for table `ticket_details`
--
ALTER TABLE `ticket_details`
  ADD CONSTRAINT `ticket_details_ibfk_2` FOREIGN KEY (`customer_id`) REFERENCES `customer` (`customer_id`) ON DELETE CASCADE ON UPDATE CASCADE,
  ADD CONSTRAINT `ticket_details_ibfk_3` FOREIGN KEY (`flight_no`,`journey_date`) REFERENCES `flight_details` (`flight_no`, `departure_date`) ON DELETE SET NULL ON UPDATE CASCADE;
COMMIT;

/*!40101 SET CHARACTER_SET_CLIENT=@OLD_CHARACTER_SET_CLIENT */;
/*!40101 SET CHARACTER_SET_RESULTS=@OLD_CHARACTER_SET_RESULTS */;
/*!40101 SET COLLATION_CONNECTION=@OLD_COLLATION_CONNECTION */;
